clause title,sentence id,after text,before text
Provision of Services,39321_29,"SFDC represents and warrants that it will (a) make the Services and Content available to Customer pursuant to this Agreement, and the applicable Order Forms and Documentation, (b) provide applicable SFDC standard support for the Services to Customer at no additional charge, and/or upgraded support if purchased, (c) use commercially reasonable efforts to make the online Services available 24 hours a day, 7 days a week, except for: (i) planned downtime (of which SFDC shall give advance electronic notice), and (ii) any unavailability caused by circumstances beyond SFDC’s reasonable control, including, for example, an act of God, act of government, flood, fire, earthquake, civil unrest, act of terror, strike or other labor problem (other than one involving SFDC employees), Internet service provider failure or delay, Non-SFDC Application, or denial of service attack, and","SFDC will( a) make the Services and Content available to Customer pursuant to this Agreement, and the applicable Order Forms and Documentation,( b) provide applicable SFDC standard support for the Services to Customer at no additional charge, and/or upgraded support if purchased,( c) use commercially reasonable efforts to make the online Services available 24 hours a day, 7 days a week, except for:( i) planned downtime( of which SFDC shall give advance electronic notice), and( ii) any unavailability caused by circumstances beyond SFDC ’s reasonable control, including, for example, an act of God, act of government, flood, fire, earthquake, civil unrest, act of terror, strike or other labor problem( other than one involving SFDC employees), Internet service provider failure or delay, Non-SFDC Application, or denial of service attack,"
Data Security.,39321_31,Data Security.,
Data Security.,39321_32,2.2.1  INSERT TAB Protection of Customer Data.,Protection of Customer Data.
Data Security.,39321_41,"After such 30-day period, SFDC will have no obligation to maintain or provide any Customer Data, and as provided in the Documentation will thereafter delete or destroy all copies of Customer Data in its systems or otherwise in its possession or control, unless legally prohibited.","After such 30-day period, SFDC will have no obligation to maintain or provide any Customer Data, and as provided in the Documentation will thereafter delete or destroy all copies of Customer Data inits systems or otherwise inits possession or control, unless legally prohibited"
Data Security.,39321_42,"SFDC agrees that its failure to abide by the requirements in the foregoing sentence will cause irreparable injury to Customer for which the remedy at law will be inadequate and would be difficult to ascertain and therefore, in the event of the breach or threatened breach of such provision, Customer shall be entitled, in addition to any other rights and remedies it may have, without the necessity of proof of actual damages, at law or in equity, to seek an injunction to restrain SFDC from any threatened or actual activities in violation of this Section.",
Data Security.,39321_47,INSERT TAB 2.2.3 Disclosure and Notification of Security Breaches.,
Data Security.,39321_49,"SFDC warrants that SFDC is not and has not been a party to any current, pending, threatened or resolved enforcement action of any government agency, or any consent decree or settlement with any governmental agency or private person or entity regarding any Security Breach or otherwise regarding data or information security.",.
Data Security.,39321_50,"INSERT TAB  In any notification to Customer required under this Section, SFDC shall designate one or more individuals employed by SFDC who will be available to Customer as a contact regarding such Security Breach.",
Data Security.,39321_51,"SFDC shall (a) use commercially reasonable efforts to address and assist Customer with its reasonable concerns regarding such Security Breach and any dispute, inquiry or claim involving Customer that concerns such Security Breach; and (b) shall provide Customer with assurance reasonably satisfactory to Customer that reasonable steps have been taken to minimize and prevent the recurrence of similar Security Breaches.",
Data Security.,39321_52,"Taking into account the nature of processing and the information available to SFDC, upon Customer’s written request, SFDC shall provide reasonable cooperation to Customer in its notification of the Supervisory Authority and, if applicable, Data Subjects, as those terms are defined in the DPA.Unless prohibited by an applicable statute or court order, SFDC shall also notify Customer of any third-party legal process relating to any such Security Breach, including, but not limited to, any legal process initiated by any governmental entity (foreign or domestic).",
Data Security.,39321_53,2.2.4 Personnel Resources Due Diligence.,
Data Security.,39321_59,INSERT TAB,
Invoicing and Payment,39321_105,"Unless otherwise stated in the Order Form, fees are due net forty-five (45) days from the date of receipt of invoice.","Unless otherwise stated in the Order Form, fees are due 30) days from invoice the invoice."
Suspension of Service,39321_110,If any charge owing by Customer is forty-five (45),If any charge owing by Customer is 30
License by Customer to SFDC,39321_128,"Customer grants SFDC, its Affiliates and applicable contractors a worldwide, limited-term license to host, copy, use, transmit, and display any Non-SFDC Applications and program code created by or for Customer using a Service or for use by Customer with the Services, and Customer Data, each solely as necessary for SFDC to provide and ensure proper operation of, the Services and associated systems for Customer’s benefit, in accordance with this Agreement.","Customer grants SFDC,its Affiliates and applicable contractors a worldwide, limited-term license to host, copy, use, transmit, and display any Non-SFDC Applications and program code created by or for Customer using a Service or for use by Customer with the Services, and Customer Data, each as necessary for SFDC to provide and ensure proper operation of, the Services and associated, in accordance with this."
License by Customer to Use Feedback,39321_132,"Customer grants to SFDC and its Affiliates a worldwide, perpetual, irrevocable, royalty-free license to use and incorporate into its services any suggestion, enhancement request, recommendation, correction or other feedback provided by Customer or Users relating to the operation of SFDC’s or its Affiliates’ services.","Customer grants to SFDC andits Affiliates a worldwide, perpetual, irrevocable, royalty-free license to use and incorporate intoits services any suggestion, enhancement request, recommendation, correction  "
 correction or other feedback provided by Customer or Users relating to the operation of SFDC ’s orits Affiliates ’ services.,,,
SFDC Warranties,39321_155,"SFDC warrants that during an applicable subscription term (a) this Agreement, the Order Forms and the Documentation will accurately describe the applicable administrative, physical, and technical safeguards for protection of the security, confidentiality and integrity of Customer Data, (b) SFDC will not materially decrease the overall security of the Services, (c) the Services will perform materially in accordance with the applicable Documentation and applicable law","SFDC warrants that during an applicable subscription term( a) this Agreement, the Order Forms and the Documentation will accurately describe the applicable administrative, physical, and technical safeguards for protection of the security, confidentiality and integrity of Customer Data,( b) SFDC will not materially decrease the overall security of the Services,( c) the Services will perform materially in accordance with the applicable Documentation"
Indemnification by SFDC,39321_162,Indemnification by SFDC for Infringement.,Indemnification by SFDC.
Indemnification by SFDC,39321_163,"SFDC will defend Customer and its Affiliates (collectively, the “Customer Indemnified Parties”) against any claim, demand, suit or proceeding made or brought against Customer Indemnified Party(ies) by a third party alleging that any Service infringes or misappropriates such third party’s intellectual property rightsor  (a “Claim Against Customer”), and will indemnify Customer Indemnified Parties from any damages, attorney fees and costs finally awarded against Customer Indemnified Parties as a result of, or for amounts paid by Customer Indemnified Parties under a settlement approved by SFDC in writing of, a Claim Against Customer, provided Customer Indemnified Parties: (a) promptly gives SFDC written notice of the Claim Against Customer, (b) gives SFDC sole control of the defense and settlement of the Claim Against Customer (except that SFDC may not settle any Claim Against Customer unless it unconditionally releases Customer of all liability), and (c) gives SFDC all reasonable assistance, at SFDC’s expense.","SFDC will defend Customer any claim, demand, suit or proceeding made or brought against Customer Indemnified a third party alleging that any Service infringes or misappropriates such third party ’s intellectual property rightsor( a“ Claim Against Customer”), and will indemnify Customer Indemnified any damages, attorney fees and costs finally awarded against Customer Indemnified a result of, or for amounts paid by Customer Indemnified a settlement approved by SFDC in writing of, a Claim Against Customer, provided Customer( a) promptly gives SFDC written notice of the Claim Against Customer,( b) gives SFDC sole control of the defense and settlement of the Claim Against Customer( except that SFDC may not settle any Claim Against Customer unless it unconditionally releases Customer of all liability), and( c) gives SFDC all reasonable assistance, at SFDC ’s expense"
Indemnification by SFDC,39321_164,"If SFDC receives information about an infringement or misappropriation claim related to a Service, SFDC may in its discretion and at no cost to Customer Indemnified Parties: (i) modify the Services so that they are no longer claimed to infringe or misappropriate, without breaching SFDC’s warranties under “SFDC Warranties” above, (ii) obtain a license for Customer’s continued use of that Service in accordance with this Agreement, or (iii) terminate Customer’s subscriptions for  that Service upon 30 days’ written notice and refund Customer any prepaid fees covering the remainder of the term of the terminated subscriptions.","If SFDC receives information about an infringement or misappropriation claim related to a Service, SFDC may inits discretion and at no cost to Customer( i) modify the Services so that they are no longer claimed to infringe or misappropriate, without breaching SFDC ’s warranties under“ SFDC Warranties” above,( ii) obtain a license for Customer ’s continued use of that Service in accordance with this Agreement, or( iii) terminate Customer ’s subscriptions for that Service upon 30 days ’ written notice and refund Customer any prepaid fees covering the remainder of the term of the terminated subscriptions"
Indemnification by SFDC,39321_165,The above defense and indemnification obligations do not apply if:,The above defense and indemnification obligations do not apply if
Indemnification by SFDC,39321_167,Indemnification by SFDC.,
Indemnification by SFDC,39321_168,"SFDC will defend Customer Indemnified Parties against any claim, demand, suit or proceeding made or brought against a Customer Indemnified Party(ies) by a third party resulting from: (i) breach by SFDC of its confidentiality and/or data security obligations hereunder, (ii) breach by SFDC of its representations and warranties hereunder, (each, a “Claim Against Customer”), and will indemnify Customer Indemnified Parties from any damages, attorney fees and costs finally awarded against Customer Indemnified Parties as a result of, or for any amounts paid by Customer Indemnified Parties under a settlement approved by SFDC in writing of, a Claim Against Customer Indemnified Parties, provided Customer Indemnified Parties: (a) promptly gives SFDC written notice of the Claim Against Customer, (b) gives SFDC sole control of the defense and settlement of the Claim Against Customer (except that SFDC may not settle any Claim Against Customer unless it unconditionally releases Customer Indemnified Parties of all liability), and (c) gives SFDC all reasonable assistance, at SFDC’s expense.",(
Indemnification by SFDC,39321_169,"The above defense and indemnification obligations do not apply if a Claim Against Customer arises from Customer’s material breach of this Agreement, the Documentation or applicable Order Forms.",breach
Indemnification by SFDC,39321_170,9.2  INSERT TAB Indemnification by Customer.,by Customer.
Indemnification by SFDC,39321_171,"Customer will defend SFDC and its Affiliates against any claim, demand, suit or proceeding made or brought against SFDC by a third party alleging (a) that any Customer Data or Customer’s use of Customer Data with the Services, (b) a Non-SFDC Application provided by Customer, or (c) the combination of a Non-SFDC Application provided by Customer and used with the Services, infringes or misappropriates such third party’s intellectual property rights, or arising from Customer’s use of the Services or Content in an unlawful manner or in violation of the Agreement, the Documentation, or Order Form (each a “Claim Against SFDC”), and will indemnify SFDC from any damages, attorney fees and costs finally awarded against SFDC as a result of, or for any amounts paid by SFDC under a settlement approved by Customer in writing of, a Claim Against SFDC, provided SFDC (i) promptly gives Customer written notice of the Claim Against SFDC, (ii) gives Customer sole control of the defense and settlement of the Claim Against SFDC (except that Customer may not settle any Claim Against SFDC unless it unconditionally releases SFDC of all liability), and (iii) gives Customer all reasonable assistance, at Customer’s expense.","Customer will defend SFDC andits Affiliates against any claim, demand, suit or proceeding made or brought against SFDC by a third party alleging( a) that any Customer Data or Customer ’s use of Customer Data with the Services,( b) a Non-SFDC Application provided by Customer, or( c) the combination of a Non-SFDC Application provided by Customer and used with the Services, infringes or misappropriates such third party ’s intellectual property rights, or arising from Customer ’s use of the Services or Content in an unlawful manner or in violation of the Agreement, the Documentation, or Order Form( each a“ Claim Against SFDC”), and will indemnify SFDC from any damages, attorney fees and costs finally awarded against SFDC as a result of, or for any amounts paid by SFDC under a settlement approved by Customer in writing of, a Claim Against SFDC, provided SFDC( i a promptly gives Customer written notice of the Claim Against SFDC,( ii gives b Customer sole control of the defense and settlement of the Claim Against SFDC( except that Customer may not settle any Claim Against SFDC unless it unconditionally releases SFDC of all liability), and( iii gives c Customer all reasonable assistance, at Customer ’s expense."
Limitation of Liability,39321_179,THE FOREGOING LIMITATIONS OF LIABILITY SHALL NOT APPLY TO THE INDEMNIFICATION OBLIGATIONS OF THE PARTIES OR THE BREACH BY A PARTY OF ITS CONFIDENTIALITY OR DATA SECURITY OBLIGATIONS HEREUNDER.,
Term of Purchased Subscriptions,39321_191,Subscriptions will not renew without the written agreement of the parties.,
Term of Purchased Subscriptions,39321_192,"Except as expressly provided in the applicable Order Form, renewal of promotional or one-time priced subscriptions will be at SFDC’s applicable list price in effect at the time of the applicable renewal.","Except Except  as otherwise specified in an Order Form, subscriptions will automatically renew for additional periods equal to the expiring subscription term or one year (whichever is shorter), unless either party gives the other written notice (email acceptable) at least 30 days before the end of the relevant subscription term. Except Except Except  as otherwise specified in an Order Form, subscriptions will automatically renew for additional periods equal to the expiring subscription term or one year (whichever is shorter), unless either party gives the other written notice (email acceptable) at least 30 days before the end of the relevant subscription term. Except as expressly provided in the applicable Order Form, renewal of promotional or one-time priced subscriptions will be at SFDC ’s applicable list price in effect at the time of the applicable renewal."
Termination,39321_195,A party may terminate this Agreement (and all,A party may terminate this Agreement
Refund or Payment upon Termination,39321_199,"If this Agreement is terminated by Customer without cause, Customer will pay any unpaid fees covering the remainder of the term of all Order Forms to the extent permitted by applicable law.","If this Agreement is terminated by, SFDC in accordance with the “Termination” section above Customer will pay any unpaid fees covering the remainder of the term of all Order Forms to the extent permitted by applicable law"
Entire Agreement and Order of Precedence,39321_210,"This Agreement, along with each Order Form issued hereunder,",This Agreement
Governing Law,39321_236,"This Agreement, and any disputes arising out of or related hereto, will be governed exclusively by the internal laws of the State of New York","This Agreement, and any disputes arising out of or related hereto, will be governed exclusively by the internal laws of the State of California"
Venue,39321_239,"The state and federal courts located in New York, New York","The state and federal courts located in San Francisco County, California"
Venue,39321_240,"will have exclusive jurisdiction over any dispute relating to this Agreement, and each party consents to the exclusive jurisdiction of those courts.","have exclusive jurisdiction over any dispute relating to this Agreement, and each party consents to the exclusive jurisdiction of those courts."
Provision of Services,40746_38,"SFDC will (a) make the Services and Content available to Customer pursuant to this Agreement, and the applicable Order Forms and Documentation, (b) provide applicable SFDC standard support for the Services to Customer at no additional charge, and/or upgraded support if purchased, (c) make the online Services available 24 hours a day, 7 days a week, except for: (i) planned downtime (of which SFDC shall give advance electronic notice, and which shall not exceed two (2) hours per month, and not during normal business hours E.T.), and (ii) any unavailability caused by circumstances beyond SFDC’s reasonable control, including, for example, an act of God, act of government, flood, fire, earthquake, civil unrest, act of terror, strike or other labor problem (other than one involving SFDC employees), Internet service provider failure or delay, or denial of service attack, and (d) provide the Services in accordance with laws and government regulations applicable to SFDC’s provision of its Services to its customers generally (i.e., without regard for Customer’s particular use of the Services).","SFDC will( a) make the Services and Content available to Customer pursuant to this Agreement, and the applicable Order Forms and Documentation,( b) provide applicable SFDC standard support for the Services to Customer at no additional charge, and/or upgraded support if purchased,( c) use commercially reasonable efforts to make the online Services available 24 hours a day, 7 days a week, except for:( i) planned downtime( of which SFDC shall give advance electronic notice), and( ii) any unavailability caused by circumstances beyond SFDC ’s reasonable control, including, for example, an act of God, act of government, flood, fire, earthquake, civil unrest, act of terror, strike or other labor problem( other than one involving SFDC employees), Internet service provider failure or delay, Non-SFDC Application, or denial of service attack, and( d) provide the Services in accordance with laws and government regulations applicable to SFDC ’s provision ofits Services toits customers generally( i.e., without regard for Customer ’s particular use of the Services) , and subject to Customer’s use of the Services in accordance with this Agreement, the Documentation and the applicable Order Form."
Protection of Customer Data,40746_40,"SFDC will maintain adequate and appropriate administrative, physical, and technical safeguards for protection of the security, confidentiality and integrity of Customer Data, as described in the Documentation.","SFDC will maintain appropriate administrative, physical, and technical safeguards for protection of the security, confidentiality and integrity of Customer Data, as described in the Documentation."
Protection of Customer Data,40746_46,"Upon request by Customer made within 180 days after the effective date of termination or expiration of this Agreement, SFDC will make Customer Data available to Customer for export or download as provided in the Documentation.","Upon request by Customer made 30 180 days after the effective date of termination or expiration of this Agreement, SFDC will make Customer Data available to Customer for export or download as provided in the Documentation."
Protection of Customer Data,40746_47,After such 30180,After 30180
Beta Services,40746_53,All Beta Services will be cleared labeled as such.,
Customer Responsibilities,40746_66,"Customer will (a) be responsible for Users’ compliance with this Agreement, Documentation and Order Forms, (b) be responsible for the legality of Customer Data, the means by which Customer acquired Customer Data, and the interoperation of any Customer-provided Non-SFDC Applications with which Customer uses Services or Content,  (c) use commercially reasonable efforts to prevent unauthorized access to or use of Services and Content, and notify SFDC promptly of any such unauthorized access or use, and (d) use Services and Content only in accordance with this Agreement, Documentation, the Acceptable Use and External Facing Services Policy at https://www.salesforce.com/ company/legal/agreements.","Customer will( a) be responsible for Users ’ compliance with this Agreement, Documentation and Order Forms,( b) be responsible for the accuracy, quality and legality of Customer Data, the means by which Customer acquired Customer Data, and the interoperation of any Non-SFDC Applications with which Customer uses Services or Content,( c) use commercially reasonable efforts to prevent unauthorized access to or use of Services and Content, and notify SFDC promptly of any such unauthorized access or use, and( d) use Services and Content only in accordance with this Agreement, Documentation, the Acceptable Use and External Facing Services Policy at https://www.salesforce.com/ company/legal/agreements."
Customer Responsibilities,40746_69,Any use of the Services in breach of the foregoing by Customer or Users that in SFDC’s reasonable,Any use of the Services in breach of the foregoing by Customer or Users that in SFDC reasonable
Usage Restrictions,40746_72,"Customer will not (a) make any Service or Content available to anyone other than Customer or Users, or use any Service or Content for the benefit of anyone other than Customer or its Affiliates, unless expressly stated otherwise in an Order Form or the Documentation, (b) sell, resell, license, sublicense, distribute, make available, rent or lease any Service or Content, or include any Service or Content in a service bureau or outsourcing offering, (c) knowingly use a Service or Non-SFDC Application to store or transmit infringing, libelous, or otherwise unlawful or tortious material, or to store or transmit material in violation of third-party privacy rights, (d) knowingly use a Service or Non-SFDC Application to store or transmit Malicious Code, (e) knowingly interfere with or disrupt the integrity or performance of any Service or third-party data contained therein, (f) attempt to gain unauthorized access to any Service or Content or its related systems or networks, (g) permit access to or use of any Services or Content in a way that circumvents a contractual usage limit, or use any Services to access or use any of SFDC intellectual property except as permitted under this Agreement, an Order Form, or the Documentation, (h) modify, copy, or create derivative works based on a Service or any part, feature, function or user interface thereof, (i), (j) frame or mirror any part of any Service or Content, other than framing on Customer's own intranets or otherwise for its own internal business purposes or as permitted in the Documentation, (k) except to the extent permitted by applicable law, disassemble, reverse engineer, or decompile a Service or Content or access it to (1) build a competitive product or service, (2)  build a product or service using similar ideas, features, functions or graphics of the Service, (3) copy any ideas, features, functions or graphics of the Service.","Customer will not( a) make any Service or Content available to anyone other than Customer or Users, or use any Service or Content for the benefit of anyone other than Customer orits Affiliates, unless expressly stated otherwise in an Order Form or the Documentation,( b) sell, resell, license, sublicense, distribute, make available, rent or lease any Service or Content, or include any Service or Content in a service bureau or outsourcing offering,( c) use a Service or Non-SFDC Application to store or transmit infringing, libelous, or otherwise unlawful or tortious material, or to store or transmit material in violation of third-party privacy rights,( d) use a Service or Non-SFDC Application to store or transmit Malicious Code,( e) interfere with or disrupt the integrity or performance of any Service or third-party data contained therein,( f) attempt to gain unauthorized access to any Service or Content orits related systems or networks,( g) permit direct or indirect access to or use of any Services or Content in a way that circumvents a contractual usage limit, or use any Services to access or use any of SFDC intellectual property except as permitted under this Agreement, an Order Form, or the Documentation,( h) modify, copy, or create derivative works based on a Service or any part, feature, function or user interface thereof,( i) copy Content except as permitted herein or in an Order Form or the Documentation,( j) frame or mirror any part of any Service or Content, other than framing on Customer 's own intranets or otherwise forits own internal business purposes or as permitted in the Documentation,( k) except to the extent permitted by applicable law, disassemble, reverse engineer, or decompile a Service or Content or access it to( 1) build a competitive product or service,( 2) build a product or service using similar ideas, features, functions or graphics of the Service,( 3) copy any ideas, features, functions or graphics of the Service , or (4) determine whether the Services are within the scope of any patent."
Suspension of Service,40746_96,"Subject to Section 5.5 (Payment Disputes),If any charge owing by Customer is 30 days or more overdue, SFDC may, without limiting its other rights and remedies, suspend Services until such amounts are paid in full, provided that, other than for customers paying by credit card or direct debit and whose payment has been declined, SFDC has given Customer at least 10 days’ prior writtenor electronic notice in accordance with this Agreement","Subject to Section 5.5( Payment Disputes), If any charge owing by Customer is 30 days or more overdue, SFDC may, without limitingits other rights and remedies, suspend Services until such amounts are paid in full, provided that, other than for customers paying by credit card or direct debit andwhose payment has been declined, SFDC has given Customer at least 10 days ’ prior writtenor Agreement"
License by Customer to SFDC,40746_112,"Customer grants SFDC, its Affiliates and applicable contractors a worldwide, limited-term license to host, copy, use, transmit, and display any Non-SFDC Applications and program code created by or for Customer using a Service or for use by Customer with the Services, and Customer Data, solely as necessary for SFDC to provide and ensure proper operation of, the Services and associated systems in accordance with this Agreement.","Customer grants SFDC,its Affiliates and applicable contractors a worldwide, limited-term license to host, copy, use, transmit, and display any Non-SFDC Applications and program code created by or for Customer using a Service or for use by Customer with the Services, and Customer Data, as each necessary for SFDC to provide and ensure proper operation of, the Services and associated systems in accordance with this Agreement."
License by Customer to SFDC,40746_113,"If Customer chooses to use a Non-SFDC Application with a Service, Customer grants SFDC permission to allow the Non-SFDC Application and its provider to access Customer Data solely","If Customer chooses to use a Non-SFDC Application with a Service, Customer grants SFDC permission to allow the Non-SFDC Application andits provider to access Customer solely"
License by Customer to Use Feedback,40746_117,"Customer grants to SFDC and its Affiliates a worldwide, perpetual, irrevocable, royalty-free license to use and incorporate into its services any suggestion, enhancement request, recommendation, correction or other feedback provided by Customer relating to the S","Customer grants to SFDC andits Affiliates a worldwide, perpetual, irrevocable, royalty-free license to use and incorporate intoits services any suggestion, enhancement request, recommendation, correction or other feedback provided by Customer relating to the"
Protection of Confidential Information,40746_127,"The Receiving Party will use the same degree of care that it uses to protect the confidentiality of its own confidential information of like kind (but not less than reasonable care) to (i) not use any Confidential Information of the Disclosing Party for any purpose outside the scope of this Agreement and (ii) except as otherwise authorized by the Disclosing Party in writing, limit access to Confidential Information of the Disclosing Party to those of its and its Affiliates’ employees and contractors who need that access for purposes consistent with this Agreement and who have signed confidentiality agreements with the Receiving Party containing protections not materially less protective of the Confidential Information than those herein.","The Receiving Party will use the same degree of care that it uses to protect the confidentiality ofits own confidential information of like kind( but not less than reasonable care) to( i) not use any Confidential Information of the Disclosing Party for any purpose outside the scope of this Agreement and( ii) except as otherwise authorized by the Disclosing Party in writing, limit access to Confidential Information of the Disclosing Party to those ofits and Affiliates ’ employees and contractors who need that access for purposes consistent with this Agreement and who have signed confidentiality agreements with the Receiving Party containing protections not materially less protective of the Confidential Information than those herein."
Protection of Confidential Information,40746_129,"Notwithstanding  the  foregoing, either party",Notwithstanding the SFDC either party
Compelled Disclosure,40746_133,"If the Receiving Party is compelled by law to disclose the Disclosing Party’s Confidential Information as part of a civil proceeding to which the Disclosing Party is a party, and the Disclosing Party is not contesting the disclosure, the Disclosing Party will work in good faith with the Receiving Party with respect to reimbursing","If the Receiving Party is compelled by law to disclose the Disclosing Party ’s Confidential Information as part of a civil proceeding to which the Disclosing Party is a party, and the Disclosing Party is not contesting the disclosure, the Disclosing Party will"
SFDC Warranties,40746_140,For any breach of a warranty under (c) and (d),For any breach of a warranty
Indemnification by SFDC,40746_147,"SFDC will defend Customer against any claim, demand, suit or proceeding made or brought against Customer by a third party arising from the Servjces provided by SFDC, including without limitation alleging that any Service infringes or misappropriates such third party’s intellectual property rights (a “Claim Against Customer”), and will indemnify Customer from any damages, attorney fees and costs finally awarded against Customer as a result of, or for amounts paid by Customer under a settlement approved by SFDC in writing of, a Claim Against Customer, provided Customer (a) promptly gives SFDC written notice of the Claim Against Customer, (b) gives SFDC sole control of the defense and settlement of the Claim Against Customer (except that SFDC may not settle any Claim Against Customer unless it unconditionally releases Customer of all liability), and (c) gives SFDC all reasonable assistance, at SFDC’s expense.","SFDC will defend Customer against any claim, demand, suit or proceeding made or brought against Customer by a third party alleging that any Service infringes or misappropriates such third party ’s intellectual property rights( a“ Claim Against Customer”), and will indemnify Customer from any damages, attorney fees and costs finally awarded against Customer as a result of, or for amounts paid by Customer under a settlement approved by SFDC in writing of, a Claim Against Customer, provided Customer( a) promptly gives SFDC written notice of the Claim Against Customer,( b) gives SFDC sole control of the defense and settlement of the Claim Against Customer( except that SFDC may not settle any Claim Against Customer unless it unconditionally releases Customer of all liability), and( c) gives SFDC all reasonable assistance, at SFDC ’s expense."
Indemnification by SFDC,40746_149,"The above defense and indemnification obligations do not apply to the extent a Claim Against Customer arises from the use or combination of the Services or any part thereof with software, hardware, data, or processes not provided by SFDC, if the Services or use thereof would not infringe without such combination; or a Claim Against Customer arises from Content, a Non-SFDC Application or Customer’s breach of this Agreement, of the Documentation or of","The above defense and indemnification obligations do not apply a if (1) the allegation does not state with specificity that the Services are the basis of the Claim Against Customer; (2) Claim Against Customer arises from the use or combination of the Services or any part thereof with software, hardware, data, or processes not provided by SFDC, if the Services or use thereof would not infringe without such combination or (4) or (3) a Claim Against Customer arises from Services under an Order Form for which there is no charge; a (4) Claim Against Customer arises from Content, a Non-SFDC Application or Customer ’s breach of this Agreement, the Documentation or"
Limitation of Liability,40746_158,"EXCEPT FOR (A) AMOUNTS PAYABLE UNDER A PARTYS INDEMNIFICATION OBLIGATIONS UNDER SECTION 9 OF THIS AGREEMENT (MUTUAL INDEMNIFICATION), (B) DAMAGES RESULTING FROM A PARTYS GROSS NEGLIGENCE OR WILLFUL MISCONDUCT, OR (C) DAMAGES ARISING FROM BREACHES OF A PARTYS OBLIGATIONS OF CONFIDENTIALITY UNDER SECTION 7 HEREUNDER RESULTING IN THE UNAUTHORIZED DISCLOSURE OF CONFIDENTIAL INFORMATION, FOR WHICH THE AGGREGATE LIABILITY HEREUNDER OF EACH PARTY SHALL NOT EXCEED THE GREATER OF ONE MILLION DOLLARS ($1,000,000) OR THE TOTAL AMOUNT PAID BY CUSTOMER AND ITS AFFILIATES HEREUNDER FOR THE SERVICES GIVING RISE TO THE LIABILITY IN THE EIGHTEEN18 MONTHS PRECEDING THE FIRST INCIDENT OUT OF WHICH THE LIABILITY AROSE,IN NO EVENT SHALL THE AGGREGATE LIABILITY OF EACH PARTY TOGETHER WITH ALL OF ITS AFFILIATES ARISING OUT OF OR RELATED TO THIS AGREEMENT EXCEED THE GREATER OF FIFTY THOUSAND DOLLARS ($50,000) OR THE TOTAL AMOUNT PAID BY CUSTOMER AND ITS AFFILIATES HEREUNDER FOR THE SERVICES GIVING RISE TO THE LIABILITY IN THE TWELVE MONTHS PRECEDING THE FIRST INCIDENT OUT OF WHICH THE LIABILITY AROSE.","EXCEPT FOR( A) AMOUNTS PAYABLE UNDER A PARTYS INDEMNIFICATION OBLIGATIONS UNDER SECTION 9 OF THIS AGREEMENT( MUTUAL INDEMNIFICATION),( B) DAMAGES RESULTING FROM A PARTYS GROSS NEGLIGENCE OR WILLFUL MISCONDUCT, OR( C) DAMAGES ARISING FROM BREACHES OF A PARTYS OBLIGATIONS OF CONFIDENTIALITY UNDER SECTION 7 HEREUNDER RESULTING IN THE UNAUTHORIZED DISCLOSURE OF CONFIDENTIAL INFORMATION, FOR WHICH THE AGGREGATE LIABILITY HEREUNDER OF EACH PARTY TOGETHER WITH ALL OF ITS AFFILIATES SHALL NOT EXCEED THE THE TOTAL AMOUNT PAID BY CUSTOMER AND ITS AFFILIATES HEREUNDER FOR THE SERVICES GIVING RISE TO THE LIABILITY IN THE MONTHS PRECEDING THE FIRST INCIDENT OUT OF WHICH THE LIABILITY AROSE, IN NO EVENT SHALL THE AGGREGATE LIABILITY OF EACH PARTY TOGETHER WITH ALL OF ITS AFFILIATES ARISING OUT OF OR RELATED TO THIS AGREEMENT EXCEED THE TOTAL AMOUNT PAID BY CUSTOMER AND ITS AFFILIATES HEREUNDER FOR THE SERVICES GIVING RISE TO THE LIABILITY IN THE TWELVE MONTHS PRECEDING THE FIRST INCIDENT OUT OF WHICH THE LIABILITY AROSE."
Limitation of Liability,40746_159,"THE FOREGOING LIMITATION WILL APPLY WHETHER AN ACTION IS IN CONTRACT OR TORT AND REGARDLESS OF THE THEORY OF LIABILITY, BUT WILL NOT LIMIT CUSTOMER'S AND ITS AFFILIATES’ PAYMENT OBLIGATIONS UNDER THE “FEES AND PAYMENT” SECTION ABOVE (WHICH SHALL BE CAPPED AT THE FEES DUE), NOR EITHER PARTY’S LIABILITY FOR ITS INDEMNIFICATION OBLIGATIONS, BREACH OF CONFIDENTIALITY, GROSS NEGLIGENCE, OR WILLFUL MISCONDUCT","THE FOREGOING LIMITATION WILL APPLY WHETHER AN ACTION IS IN CONTRACT OR TORT AND REGARDLESS OF THE THEORY OF LIABILITY, BUT WILL NOT LIMIT CUSTOMER 'S AND ITS AFFILIATES ’ PAYMENT OBLIGATIONS UNDER THE“ FEES AND PAYMENT” SECTION ABOVE"
Term of Subscriptions,40746_170,"The per-unit pricing during any renewal term will increase by up to 7% above the applicable pricing in the prior term, unless SFDC provides Customer notice of different pricing at least 60 days prior to the applicable renewal term.Except as expressly provided in the applicable Order Form, renewal of promotional or one-time priced subscriptions may be at SFDCs applicable list price in effect at the time of the applicable renewal.","The per-unit pricing during any renewal term will increase by up to 7 % above the applicable pricing in the prior term, unless SFDC provides Customer notice of different pricing at least 60 days prior to the applicable renewal term.Except as expressly provided in the applicable Order Form, renewal of promotional or one-time priced subscriptions will be at SFDCs applicable list price in effect at the time of the applicable renewal."
Term of Subscriptions,40746_171,"Notwithstanding anything to the contrary, any renewal in which subscription volume for any Services has decreased from the prior term may","Notwithstanding anything to the contrary, any renewal in which subscription volume for any Services has decreased from the prior term will"
Customer,40745_14,“Customer” means the customer named above together with its Affiliates (for so long as they remain Affiliates).,“ Customer” means the customer named above together withits Affiliates( for so long as they remain Affiliates) which have signed Order Forms.
Customer Data,40745_15,"“Customer Data” means all data, including electronic data,",“ Customer Data” means electronic data
Documentation,40745_18,", and its usage guides and policies, as updated from time to time, accessible via help.salesforce.com or login to the applicable Service, as well as all other documentation generally supplied by SFDC to its customers of the Services",", andits usage guides and policies, as updated from time to time, accessible via help.salesforce.com or login to the applicable Service"
Non-SFDC Application,40745_28,"“Order Form” means an ordering document or online order specifying the Services to be provided hereunder that is entered into between Customer and SFDC and/or any of their Affiliates, including any executed","“ Order Form” means an ordering document or online order specifying the Services to be provided hereunder that is entered into between Customer and any oftheir Affiliates, including any"
User,40745_33,"“User” means an individual who is authorized by Customer or its Affiliates to use a Service, for whom Customer has purchased a subscription (or in the case of any Services provided by SFDC without charge, for whom a Service has been provisioned), and to whom Customer and/or its Affiliate(s) (or, when applicable, SFDC at Customer’s request) has supplied a user identification and password (for Services utilizing authentication).","“ User” means an individual who is authorized by Customer to use a Service, for whom Customer has purchased a subscription( or in the case of any Services provided by SFDC without charge, for whom a Service has been provisioned), and to whom Customer( or, when applicable, SFDC at Customer ’s request) has supplied a user identification and password( for Services utilizing authentication)."
User,40745_34,"Users may include, for example, employees, consultants, contractors and agents of Customer, its Affiliates,","Users may include, for example, employees, consultants, contractors and agents of Customer,"
Provision of Services,40745_38,"SFDC will (a) make the Services and Content available to Customer pursuant to this Agreement, and the applicable Order Forms and in accordance with all Documentation, (b) provide applicable SFDC standard support for the Services to Customer at no additional charge, and/or upgraded support if purchased, (c)  make the online Services available 24 hours a day, 7 days a week, except for: (i) planned downtime (of which SFDC shall give reasonable advance electronic notice), and (ii) any unavailability caused by circumstances beyond SFDC’s reasonable control, including, for example, an act of God, act of government, flood, fire, earthquake, civil unrest, act of terror, strike or other labor problem (other than one involving SFDC employees), Internet service provider failure or delay, Non-SFDC Application, or denial of service attack, and (d) provide the Services in accordance with industry standards and","SFDC will( a) make the Services and Content available to Customer pursuant to this Agreement, and the applicable Order Forms and Documentation,( b) provide applicable SFDC standard support for the Services to Customer at no additional charge, and/or upgraded support if purchased,( c) use commercially reasonable efforts to make the online Services available 24 hours a day, 7 days a week, except for:( i) planned downtime( of which SFDC shall give advance electronic notice), and( ii) any unavailability caused by circumstances beyond SFDC ’s reasonable control, including, for example, an act of God, act of government, flood, fire, earthquake, civil unrest, act of terror, strike or other labor problem( other than one involving SFDC employees), Internet service provider failure or delay, Non-SFDC Application, or denial of service attack, and( d) provide the Services in accordance with"
Protection of Customer Data,40745_41,"SFDC will maintain appropriate administrative, physical, and technical safeguards for protection of the security, confidentiality and integrity of Customer Data, as described in the Documentation, and in accordance with highest industry standards.","SFDC will maintain appropriate administrative, physical, and technical safeguards for protection of the security, confidentiality and integrity of Customer Data, as described in the Documentation."
Protection of Customer Data,40745_42,"Those safeguards will include, but will not be limited to, measures to prevent unauthorized access to or disclosure of Customer Data (other than by Customer or Users).","Those safeguards will include, but will not be limited to, measures designed to prevent unauthorized access to or disclosure of Customer Data( other than by Customer or Users)."
Protection of Customer Data,40745_48,"After such 30-day period, SFDC will have no obligation to maintain or provide any Customer Data, and as provided in the Documentation will notify Customer and","After such 30-day period, SFDC will have no obligation to maintain or provide any Customer Data, and as provided in the Documentation and"
Usage Limits,40745_63,"If Customer exceeds a contractual usage limit, SFDC may will","If Customer exceeds a contractual usage limit, SFDC may"
Usage Restrictions,40745_72,"Customer will not (a) make any Service or Content available to anyone other than Customer or its Affiliates, and their respective Users, or use any Service or Content for the benefit of anyone other than Customer or its Affiliates, unless expressly stated otherwise in an Order Form or the Documentation, (b) sell, resell, license, sublicense, distribute, make available, rent or lease any Service or Content, or include any Service or Content in a service bureau or outsourcing offering, (c) knowingly use a Service or Non-SFDC Application to store or transmit infringing, libelous, or otherwise unlawful or tortious material, or to store or transmit material in violation of third-party privacy rights, (d) knowingly use a Service or Non-SFDC Application to store or transmit Malicious Code, (e) interfere with or disrupt the integrity or performance of any Service or third-party data contained therein, (f) attempt to gain unauthorized access to any Service or Content or its related systems or networks, (g) knowingly permit direct or indirect access to or use of any Services or Content in a way that circumvents a contractual usage limit, or use any Services to access or use any of SFDC intellectual property except as permitted under this Agreement, an Order Form, or the Documentation, (h) modify, copy, or create derivative works based on a Service or any part, feature, function or user interface thereof, (i) copy Content except as permitted herein or in an Order Form or the Documentation, (j) frame or mirror any part of any Service or Content, other than framing on Customer's own intranets or otherwise for its own internal business purposes or as permitted in the Documentation, (k) except to the extent permitted by applicable law, disassemble, reverse engineer, or decompile a Service or Content or access it to (1) build a directly competitive product or service, (2)  build a product or service using substantially similar ideas, features, functions or graphics of the Service, (3) directly","Customer will not( a) make any Service or Content available to anyone other than Customer or Users, or use any Service or Content for the benefit of anyone other than Customer orits Affiliates, unless expressly stated otherwise in an Order Form or the Documentation,( b) sell, resell, license, sublicense, distribute, make available, rent or lease any Service or Content, or include any Service or Content in a service bureau or outsourcing offering,( c) use a Service or Non-SFDC Application to store or transmit infringing, libelous, or otherwise unlawful or tortious material, or to store or transmit material in violation of third-party privacy rights,( d) use a Service or Non-SFDC Application to store or transmit Malicious Code,( e) interfere with or disrupt the integrity or performance of any Service or third-party data contained therein,( f) attempt to gain unauthorized access to any Service or Content orits related systems or networks,( g) permit direct or indirect access to or use of any Services or Content in a way that circumvents a contractual usage limit, or use any Services to access or use any of SFDC intellectual property except as permitted under this Agreement, an Order Form, or the Documentation,( h) modify, copy, or create derivative works based on a Service or any part, feature, function or user interface thereof,( i) copy Content except as permitted herein or in an Order Form or the Documentation,( j) frame or mirror any part of any Service or Content, other than framing on Customer 's own intranets or otherwise forits own internal business purposes or as permitted in the Documentation,( k) except to the extent permitted by applicable law, disassemble, reverse engineer, or decompile a Service or Content or access it to( 1) build a competitive product or service,( 2) build a product or service using similar ideas, features, functions or graphics of the Service,( 3)"
Invoicing and Payment,40745_94,"Unless otherwise stated in the Order Form, fees are due net 60 days from the Customer’s receipt of invoice.","Unless otherwise stated in the Order Form, fees are due 30 60 days from of date invoice."
Overdue Charges,40745_98,"% of the outstanding balance per month, or the maximum rate permitted by law, whichever is lower.","% 5 the outstanding balance per month, or the maximum rate permitted by law, whichever is lower."
Reservation of Rights,40745_110,"Subject to the limited rights expressly granted hereunder, (a) SFDC, its Affiliates, its licensors and Content providers reserve all of their right, title and interest in and to the Services and Content, including all of their related intellectual property rights, and (b) Customer exclusively owns all right, title and interest in and to all Customer Data.","Subject to the limited rights expressly granted hereunder, SFDC,its Affiliates,its licensors and Content providers reserve all oftheir right, title and interest in and to the Services and Content, including all oftheir related intellectual property rights."
Reservation of Rights,40745_111,No rights are granted to either Party,No rights are granted Customer Party
License by Customer to SFDC,40745_116,"Customer grants SFDC, its Affiliates and applicable contractors a worldwide, limited-term, non-exclusive license to host, copy, use, transmit, and display any Non-SFDC Applications and program code created by or for Customer using a Service or for use by Customer with the Services, and Customer Data, each solely to the extent","Customer grants SFDC,its Affiliates and applicable contractors a worldwide, limited-term license to host, copy, use, transmit, and display any Non-SFDC Applications and program code created by or for Customer using a Service or for use by Customer with the Services, and Customer Data, each"
Definition of Confidential Information,40745_130,"However, Confidential Information does not include any information that (i) is or becomes generally known to the public without breach of any obligation owed to the Disclosing Party, (ii) was known to the Receiving Party prior to its disclosure by the Disclosing Party without breach of any obligation owed to the Disclosing Party, (iii) is received from a third party without breach of any obligation owed to the Disclosing Party, or (iv) was independently developed by the Receiving Party without use of, or reference to the Confidential Information","However, Confidential Information does not include any information that( i) is or becomes generally known to the public without breach of any obligation owed to the Disclosing Party,( ii) was known to the Receiving Party prior toits disclosure by the Disclosing Party without breach of any obligation owed to the Disclosing Party,( iii) is received from a third party without breach of any obligation owed to the Disclosing Party, or( iv) was independently developed by the Receiving Party"
Compelled Disclosure,40745_139,"The Receiving Party may disclose Confidential Information of the Disclosing Party to the extent compelled by law to do so, provided the Receiving Party gives the Disclosing Party prior written","The Receiving Party may disclose Confidential Information of the Disclosing Party to the extent compelled by law to do so, provided the Receiving Party gives the Disclosing Party prior"
SFDC Warranties,40745_146,"SFDC warrants that during an applicable subscription term (a) this Agreement, the Order Forms and the Documentation will accurately describe the applicable administrative, physical, and technical safeguards for protection of the security, confidentiality and integrity of Customer Data, (b) SFDC will not decrease the overall security of the Services, (c) the Services will perform in accordance with the applicable Documentation, and (d) subject to the “Integration with Non-SFDC Applications” section above, SFDC will not decrease the overall functionality of the Services.","SFDC warrants that during an applicable subscription term( a) this Agreement, the Order Forms and the Documentation will accurately describe the applicable administrative, physical, and technical safeguards for protection of the security, confidentiality and integrity of Customer Data,( b) SFDC will not materially decrease the overall security of the Services,( c) the Services will perform materially in accordance with the applicable Documentation, and( d) subject to the“ Integration with Non-SFDC Applications” section above, SFDC will not materially decrease the overall functionality of the Services. For any breach of a warranty above, Customer’s exclusive remedies are those described in the “Termination” and “Refund or Payment upon Termination” sections below.."
Indemnification by SFDC,40745_152,"SFDC will defend Customer and its parent and Affiliates, and each’s respective officers, directors, stockholders, employees and agents against any claim, demand, suit or proceeding made or brought against Customer by a third party (i) arising from SFDC’s breach of its confidentiality obligations specified in Section 7 herein or its obligations in Section 2.2, (ii) resulting from SFDC’s gross negligence or intentional misconduct, and/or (iii) alleging that any Service infringes or misappropriates such third party’s intellectual property rights or violates applicable law (a “Claim Against Customer”), and will indemnify Customer from any damages, attorney fees and costs incurred, or finally awarded against Customer as a result of, or for amounts paid by Customer under a settlement approved by SFDC in writing of, a Claim Against Customer, provided Customer (a) promptly gives SFDC written notice of the Claim Against Customer, (b) gives SFDC sole control of the defense and settlement of the Claim Against Customer (except that SFDC may not settle any Claim Against Customer unless it unconditionally releases Customer of all liability), and (c) gives SFDC all reasonable assistance, at SFDC’s expense.","SFDC will defend Customer any claim, demand, suit or proceeding made or brought against Customer by a third party( that any Service infringes or misappropriates such third party ’s intellectual property rights or“ Claim Against Customer”), and will indemnify Customer from any damages, attorney fees and costs incurred, against Customer as a result of, or for amounts paid by Customer under a settlement approved by SFDC in writing of, a Claim Against Customer, provided Customer( a) promptly gives SFDC written notice of the Claim Against Customer,( b) gives SFDC sole control of the defense and settlement of the Claim Against Customer( except that SFDC may not settle any Claim Against Customer unless it unconditionally releases Customer of all liability), and( c) gives SFDC all reasonable assistance, at SFDC ’s expense."
Indemnification by SFDC,40745_153,"If SFDC receives information about an infringement or misappropriation claim related to a Service, SFDC shall in its discretion and at no cost to Customer (i) modify the Services so that they are no longer claimed to infringe or misappropriate, without breaching SFDC’s warranties under “SFDC Warranties” above, (ii) obtain a license for Customer’s continued use of that Service in accordance with this Agreement, or (iii) terminate Customer’s subscriptions for that Service upon 30 days’ written notice and refund Customer any prepaid fees covering the remainder of the term of the terminated subscriptions.","If SFDC receives information about an infringement or misappropriation claim related to a Service, SFDC shall in may discretion and at no cost to Customer( i) modify the Services so that they are no longer claimed to infringe or misappropriate, without breaching SFDC ’s warranties under“ SFDC Warranties” above,( ii) obtain a license for Customer ’s continued use of that Service in accordance with this Agreement, or( iii) terminate Customer ’s subscriptions for that Service upon 30 days ’ written notice and refund Customer any prepaid fees covering the remainder of the term of the terminated subscriptions."
Indemnification by SFDC,40745_154,"The above defense and indemnification obligations do not apply if (1) the allegation does not state with specificity that the Services are the basis of the Claim Against Customer; (2) a Claim Against Customer arises from the use or combination of the Services or any part thereof with software, hardware, data, or processes not provided or approved by SFDC, if the Services or use thereof would not infringe without such combination; (3) a Claim Against Customer arises from Services under an Order Form for which there is no charge; or (4) a Claim Against Customer arises solely","The above defense and indemnification obligations do not apply if( 1) the allegation does not state with specificity that the Services are the basis of the Claim Against Customer;( 2) a Claim Against Customer arises from the use or combination of the Services or any part thereof with software, hardware, data, or processes not provided or SFDC, if the Services or use thereof would not infringe without such combination;( 3) a Claim Against Customer arises from Services under an Order Form for which there is no charge; or( 4) a Claim Against Customer arises solely"
Indemnification by SFDC,40745_155,"from Content, a Non-SFDC Application or Customer’s breach of this Agreement, the Documentation or applicable Order Forms.","Content, a Non-SFDC Application or Customer ’s breach of this Agreement, the Documentation or applicable Order Forms."
Indemnification by Customer,40745_157,"Customer will defend SFDC and its Affiliates against any claim, demand, suit or proceeding made or brought against SFDC by a third party alleging (a) that any Customer Data or Customer’s use of Customer Data with the Services, (b) a Non-SFDC Application provided by Customer, or (c) the combination of a Non-SFDC Application provided by Customer and used with the Services, infringes or misappropriates such third party’s intellectual property rights, or arising from Customer’s use of the Services or Content in an unlawful manner or in material breach","Customer will defend SFDC andits Affiliates against any claim, demand, suit or proceeding made or brought against SFDC by a third party alleging( a) that any Customer Data or Customer ’s use of Customer Data with the Services,( b) a Non-SFDC Application provided by Customer, or( c) the combination of a Non-SFDC Application provided by Customer and used with the Services, infringes or misappropriates such third party ’s intellectual property rights, or arising from Customer ’s use of the Services or Content in an unlawful manner or in violation"
Limitation of Liability,40745_165,"THE FOREGOING LIMITATION WILL APPLY WHETHER AN ACTION IS IN CONTRACT OR TORT AND REGARDLESS OF THE THEORY OF LIABILITY, BUT WILL NOT LIMIT A PARTY’S INDEMNIFICATION OBLIGATIONS IN SECTION 9 ABOVE, A BREACH BY A PARTY OF ITS CONFIDENTIALITY OBLIGATIONS IN SECTION 7, 2.2 OR","THE FOREGOING LIMITATION WILL APPLY WHETHER AN ACTION IS IN CONTRACT OR TORT AND REGARDLESS OF THE THEORY OF LIABILITY, BUT WILL NOT LIMIT"
Exclusion of Consequential and Related Damages,40745_169,"THE FOREGOING DISCLAIMER WILL NOT APPLY TO OR LIMIT A PARTY’S INDEMNIFICATION OBLIGATIONS IN SECTION 9 ABOVE, OR A BREACH BY A PARTY OF ITS CONFIDENTIALITY OBLIGATIONS IN SECTION 7, 2.2 OR",THE FOREGOING DISCLAIMER WILL NOT APPLY TO
Term of Purchased Subscriptions,40745_177,"Except as expressly provided in the applicable Order Form, renewal of promotional or one-time priced subscriptions will be at SFDC’s applicable list price in effect at the time of the applicable renewal, provided that no pricing increase will not exceed five (5%) over the pricing for the immediately prior subscription term","Except as expressly provided in the applicable Order Form, renewal of promotional or one-time priced subscriptions will be at SFDC ’s applicable list price in effect at the time of the applicable renewal % term"
Termination,40745_182,"Except as expressly provided herein, termination of this Agreement by either party will be a nonexclusive remedy for breach and will be without prejudice to any other right or remedy of such party.",
Refund or Payment upon Termination,40745_184,"If this Agreement is terminated by Customer in accordance with the “Termination” section above, SFDC will promptly","If this Agreement is terminated by Customer in accordance with the“ Termination” section above, SFDC will"
Documentation,40742_16,", and its usage guides and policies as attached as Exhibit [insert], and as updated from time to time upon notice, accessible via help.salesforce.com or login to the applicable Service.",", andits usage guides and policies, as updated from time to time, accessible via help.salesforce.com or login to the applicable Service."
Documentation,40742_17,SFDC will notify Customer of material changes to the Documentation through via help.salesforce.com or login to the applicable Service at least 30 days in advance of such material change going into effect.,
Documentation,40742_18,"If SFDC does not notify Customer of material changes to Documentation for any Services, any material obligation or restriction imposed on Customer by such updated Documentation will not take effect for Customer during the subscription term for such affected Service.",
Protection of Customer Data,40742_38,"Those safeguards will include, but will not be limited to, measures designed to prevent unauthorized access to or disclosure of Customer Data (other than by Customer or Users) and will meet or exceed measures required by applicable law.","Those safeguards will include, but will not be limited to, measures designed to prevent unauthorized access to or disclosure of Customer Data( other than by Customer or Users)."
Protection of Customer Data,40742_39,"The terms of the data processing addendum set forth in Exhibit [_]   (""DPA"") are hereby incorporated by reference and shall apply to the extent Customer Data includes Personal Data, as defined in the DPA.","The terms of the data processing at] https://www.salesforce.com/company/legal/agreements.jsp("" DPA"") are hereby incorporated by reference and shall apply to the extent Customer Data includes Personal Data, as defined in the DPA."
Usage Limits,40742_57,"If Customer exceeds a contractual usage limit, SFDC will notify Customer (email will suffice) andmaywill work with Customer to seek to reduce Customer’s usage so that it conforms to that limit.","If Customer exceeds a contractual usage limit, SFDC work Customer to seek to reduce Customer ’s usage so that it conforms to that limit."
Usage Limits,40742_58,"If, notwithstanding SFDC’s efforts, Customer is unable or unwilling to abidedoes not its usage within the by a contractual usage limit within 2 weeks of SFDC’s notice, SFDC will notify Customer (email will suffice) of such overage and the parties will cooperate in good faith to reduce Customer’s usage to conform to the contractual limit.","If, notwithstanding SFDC ’s efforts, Customer is unable or unwilling to abidedoes notits usage limit within 2 weeks notify"
Usage Limits,40742_59,"If SFDC notifies Customer 3 times within any 90-day period that Customer has exceeded a contractual usage limit,",
Usage Limits,40742_60,"Customer will execute an Order Form for additional quantities of the applicable Services or Content promptly upon SFDC’s request, and/or pay any invoice for excess usage in accordance with the “Invoicing and Payment” section below.","Form for additional quantities of the applicable Services or Content promptly upon SFDC ’s request, and/or pay any invoice for excess usage in accordance with the“ Invoicing and Payment” section below."
Usage Restrictions,40742_67,"Customer will not (a) make any Service or Content available to anyone other than Customer or Users, or use any Service or Content for the benefit of anyone other than Customer or its Affiliates, unless expressly stated otherwise in an Order Form or the Documentation, (b) sell, resell, license, sublicense, distribute, make available, rent or lease any Service or Content, or include any Service or Content in a service bureau or outsourcing offering, (c) knowingly use a Service or Non-SFDC Application to store or transmit infringing, libelous, or otherwise unlawful or tortious material, or to store or transmit material in violation of third-party privacy rights, (d) knowingly use a Service or Non-SFDC Application to store or transmit Malicious Code, (e) knowingly","Customer will not( a) make any Service or Content available to anyone other than Customer or Users, or use any Service or Content for the benefit of anyone other than Customer orits Affiliates, unless expressly stated otherwise in an Order Form or the Documentation,( b) sell, resell, license, sublicense, distribute, make available, rent or lease any Service or Content, or include any Service or Content in a service bureau or outsourcing offering,( c) use a Service or Non-SFDC Application to store or transmit infringing, libelous, or otherwise unlawful or tortious material, or to store or transmit material in violation of third-party privacy rights,( d) use a Service or Non-SFDC Application to store or transmit Malicious Code,( e)"
Integration with Non-SFDC Applications,40742_82,"SFDC cannot guarantee the continued availability of such Service features, and upon advance written notice (email will suffice) to Customer,","SFDC can not guarantee the continued availability of such Service features, and"
Invoicing and Payment,40742_90,"Unless otherwise stated in the Order Form, fees are due net 60","Unless otherwise stated in the Order Form, fees are due 30 60"
Definition of Confidential Information,40742_125,"The foregoing exceptions do not apply to Customer Data, which shall remain confidential notwithstanding Section 7.3.",.
Disclaimers,40742_143,"CUSTOMER DATA,",
Indemnification by SFDC,40742_147,"SFDC will defend Customer against any claim, demand, suit or proceeding made or brought against Customer by a third party (i) alleging that any Service or Customer’s use of any Service in accordance with this Agreement infringes or misappropriates such third party’s intellectual property rights, (ii) based on or arising from SFDC’s gross negligence or intentional misconduct, (iii) based on or arising from SFDC’s breach of Section 7, (iv) based on or arising from SFDC’s breach of its obligations under the DPA, and (v) based on or arising from SFDC’s breach of applicable law, including privacy, security and data protection laws and regulations that apply to the Customer Data processed by SFDC pursuant to this Agreement, in its performance of its obligations under this Agreement (a “Claim Against Customer”), and will indemnify Customer from any damages, attorney fees and costs finally awarded against Customer as a result of, or for amounts paid by Customer under a settlement approved by SFDC in writing of, a Claim Against Customer, provided Customer (a) promptly gives SFDC written notice of the Claim Against Customer, (b) gives SFDC sole control of the defense and settlement of the Claim Against Customer (except that SFDC may not settle any Claim Against Customer unless it unconditionally releases Customer of all liability), and (c) gives SFDC all reasonable assistance, at SFDC’s expense.","SFDC will defend Customer against any claim, demand, suit or proceeding made or brought against Customer by a third party alleging that any Service infringes or misappropriates such third party ’s intellectual property rights a“ Claim Against Customer”), and will indemnify Customer from any damages, attorney fees and costs finally awarded against Customer as a result of, or for amounts paid by Customer under a settlement approved by SFDC in writing of, a Claim Against Customer, provided Customer( a) promptly gives SFDC written notice of the Claim Against Customer,( b) gives SFDC sole control of the defense and settlement of the Claim Against Customer( except that SFDC may not settle any Claim Against Customer unless it unconditionally releases Customer of all liability), and( c) gives SFDC all reasonable assistance, at SFDC ’s expense."
Indemnification by SFDC,40742_148,"If SFDC receives information about an infringement or misappropriation claim related to a Service, SFDC may in its discretion and at no cost to Customer, without limiting SFDC’s indemnity obligations set forth in Section 9.1(i), (x) modify the Services so that they are no longer claimed to infringe or misappropriate, without breaching SFDC’s warranties under “SFDC Warranties” above provided such modifications do not materially degrade the Services, (y) obtain a license for Customer’s continued use of that Service in accordance with this Agreement, or (z) terminate Customer’s subscriptions for that Service upon 30 days’ written notice and refund Customer any prepaid fees covering the remainder of the term of the terminated subscriptions.","If SFDC receives information about an infringement or misappropriation claim related to a Service, SFDC may inits discretion and at no cost to Customer, x i modify the Services so that they are no longer claimed to infringe or misappropriate, without breaching SFDC ’s warranties under“ SFDC Warranties” above provided( y ii obtain a license for Customer ’s continued use of that Service in accordance with this Agreement, or( z iii terminate Customer ’s subscriptions for that Service upon 30 days ’ written notice and refund Customer any prepaid fees covering the remainder of the term of the terminated subscriptions."
Indemnification by SFDC,40742_149,"The above defense and indemnification obligations in Section 9.1(i) do not apply if (1) a Claim Against Customer arises from the use or combination of the Services or any part thereof with software, hardware, data, or processes not provided by SFDC (“Infringing Third-Party Elements”), if the Services or use thereof would not infringe without such combination and provided either (aa) the Infringing Third-Party Elements are not required for use of such Services or  (bb) if such Infringing Third-Party Elements are required for use of Services in their intended manner only if the alleged infringement could have been avoided by using reasonably available substitutes for the Infringing Third-Party Elements; (2) a Claim Against Customer arises from Services under an Order Form for which there is no charge; or (3) a Claim Against Customer arises solely","The above defense and indemnification obligations in not apply if( 1) a the allegation does not state with specificity that the Services are the basis of the Claim Against Customer; (2) Claim Against Customer arises from the use or combination of the Services or any part thereof with software, hardware, data, or processes not provided by SFDC, if the Services or use thereof would not infringe without such combination) 2) 3 Claim Against Customer arises from Services under an Order Form for which there is no charge; or( 3) 4 Claim Against Customer arises solely"
Indemnification by SFDC,40742_150,"from Content, a Non-SFDC Application or Customer’s breach of this Agreement, the Documentation or applicable Order Forms.","from, a Non-SFDC Application or Customer ’s breach of this Agreement, the Documentation or applicable Order Forms."
Exclusive Remedy,40742_156,"For clarity, this Section 9.3 shall not be interpreted to limit liability or remedies under the Agreement with respect to a breach of the Agreement that has, as one of its consequences, such a third party claim described in this Section 9.",
LIMITATION OF LIABILITY,40742_159,"SUBJECT TO SECTION 10.4,",
LIMITATION OF LIABILITY,40742_160,IN NO EVENT SHALL THE AGGREGATE LIABILITY OF EACH PARTY TOGETHER WITH ALL OF ITS AFFILIATES ARISING OUT OF OR RELATED TO THIS AGREEMENT EXCEED THE TOTAL AMOUNT PAID BY CUSTOMER AND ITS AFFILIATES HEREUNDER FOR THE SERVICES GIVING RISE TO THE LIABILITY IN THE TWELVE MONTHS PRECEDING THE FIRST INCIDENT OUT OF WHICH THE LIABILITY AROSE.,EVENT SHALL THE AGGREGATE LIABILITY OF EACH PARTY TOGETHER WITH ALL OF ITS AFFILIATES ARISING OUT OF OR RELATED TO THIS AGREEMENT EXCEED THE TOTAL AMOUNT PAID BY CUSTOMER AND ITS AFFILIATES HEREUNDER FOR THE SERVICES GIVING RISE TO THE LIABILITY IN THE TWELVE MONTHS PRECEDING THE FIRST INCIDENT OUT OF WHICH THE LIABILITY AROSE.
LIMITATION OF LIABILITY,40742_163,"SUBJECT TO SECTION 10.3,",SUBJECT
LIMITATION OF LIABILITY,40742_164,"IN NO EVENT WILL EITHER PARTY OR ITS AFFILIATES HAVE ANY LIABILITY ARISING OUT OF OR RELATED TO THIS AGREEMENT FOR ANY LOST PROFITS, REVENUES, GOODWILL, OR INDIRECT, SPECIAL, INCIDENTAL, CONSEQUENTIAL, COVER, BUSINESS INTERRUPTION OR PUNITIVE DAMAGES, WHETHER AN ACTION IS IN CONTRACT OR TORT AND REGARDLESS OF THE THEORY OF LIABILITY, EVEN IF A PARTY OR ITS AFFILIATES HAVE BEEN ADVISED OF THE POSSIBILITY OF SUCH DAMAGES OR IF A PARTY’S OR ITS AFFILIATES’ REMEDY OTHERWISE FAILS OF ITS ESSENTIAL PURPOSE.","NO EVENT WILL EITHER PARTY OR ITS AFFILIATES HAVE ANY LIABILITY ARISING OUT OF OR RELATED TO THIS AGREEMENT FOR ANY LOST PROFITS, REVENUES, GOODWILL, OR INDIRECT, SPECIAL, INCIDENTAL, CONSEQUENTIAL, COVER, BUSINESS INTERRUPTION OR PUNITIVE DAMAGES, WHETHER AN ACTION IS IN CONTRACT OR TORT AND REGARDLESS OF THE THEORY OF LIABILITY, EVEN IF A PARTY OR ITS AFFILIATES HAVE BEEN ADVISED OF THE POSSIBILITY OF SUCH DAMAGES OR IF A PARTY ’S OR ITS AFFILIATES ’ REMEDY OTHERWISE FAILS OF ITS ESSENTIAL PURPOSE."
LIMITATION OF LIABILITY,40742_166,"The exclusions of liability in Section 10.2 do not apply to damages or liabilities arising (a) under a party’s indemnification obligations set forth in Section 9 (“Mutual Indemnification”), (b) out of a party’s  willful misconduct or gross negligence, (c) out of a party’s breach of Section 2.2 (“Customer Data Protection”) or  Section 7 (“Confidentiality”).",The out
LIMITATION OF LIABILITY,40742_167,"The aggregate liability of each party together with all of its Affiliates for (a) its indemnification obligations under Section 9 (“Mutual Indemnification”), (b) its breach of its obligations under the DPA or Section 2.2 (“Customer Data Protection”), or (c) its breach of Section 7 (“Confidentiality”) will not exceed the greater of three (3) times the total amount of fees paid or payable by Customer and its Affiliates under this Agreement in the twelve (12) months preceding the first incident out of which the liability arose or ten million dollars ($10,000,000).",).
Term of Purchased Subscriptions,40742_173,Any subscription renewal will be upon terms mutually agreed in writing by the parties.,.
Term of Purchased Subscriptions,40742_174,"Except as expressly provided in the applicable Order Form, renewal of promotional or one-time priced subscriptions will be at SFDC’s applicable list price in effect at the time of the applicable renewal.","Except Except as otherwise specified in an Order Form, subscriptions will automatically renew for additional periods equal to the expiring subscription term or one year (whichever is shorter), unless either party gives the other written notice (email acceptable) at least 30 days before the end of the relevant subscription term. Except Except Except as otherwise specified in an Order Form, subscriptions will automatically renew for additional periods equal to the expiring subscription term or one year (whichever is shorter), unless either party gives the other written notice (email acceptable) at least 30 days before the end of the relevant subscription term. Except as expressly provided in the applicable Order Form, renewal of promotional or one-time priced subscriptions will be at SFDC ’s applicable list price in effect at the time of the applicable renewal."
Termination,40742_178,"Notwithstanding the foregoing, Customer may immediately terminate this Agreement upon notice if  (a) SFDC breaches the DPA or Section 2.2, (b) SFDC’s breach of Section 7 results in the unauthorized use or disclosure of Customer Data or (c) the damages limitation in Section 10.4 is exhausted.",",."
Refund or Payment upon Termination,40742_183,"Upon expiration or termination of this Agreement, SFDC will use commercially reasonable efforts to help Customer ensure a smooth transition to a new service provider or to Customer.",
Notices,40742_217,Billing-related notices to Customer will be addressed to the relevant billing contact designated by Customer in the Order Form,Billing-related notices to Customer will be addressed to the relevant billing contact designated by Customer
General Availability / Uptime,40742_244,SFDC shall make the Covered Services available 99.5,SFDC shall make the Covered Services available